"The recipe","Source file count","Source file changed count","Cumulative scanning time","99th percentile scanning time","Max scanning time","Cumulative edit time","99th percentile edit time","Max edit time"
"The recipe whose stats are being measured both individually and cumulatively.","The number of source files the recipe ran over.","The number of source files which were changed in the recipe run. Includes files created, deleted, and edited.","The total time spent across the scanning phase of this recipe.","99 out of 100 scans completed in this amount of time.","The max time scanning any one source file.","The total time spent across the editing phase of this recipe.","99 out of 100 edits completed in this amount of time.","The max time editing any one source file."
"org.openrewrite.config.CompositeRecipe","367","253","0","0.0","0","53634","0.99","12283"
"com.oracle.weblogic.rewrite.WebLogicPersistenceConfigurationXmlNamespace1412","367","253","0","0.0","0","22031","0.99","831"
"com.oracle.weblogic.rewrite.WebLogicWebServicesXmlNamespace1511","367","253","0","0.0","0","23057","0.99","831"
"org.openrewrite.java.migrate.net.MigrateMulticastSocketGetTTLToGetTimeToLive","367","253","0","0.0","0","31948","0.99","902"
"org.openrewrite.java.migrate.UpgradeToJava6","367","253","0","0.0","0","22424","0.99","1082"
"org.openrewrite.java.migrate.UpgradeToJava7","367","253","0","0.0","0","34556","0.99","12103"
"org.openrewrite.java.migrate.UpgradeToJava17","367","253","0","0.0","0","23010","0.99","1072"
"org.openrewrite.java.migrate.jakarta.JavaxMigrationToJakarta","367","253","0","0.0","0","22998","0.99","551"
"org.openrewrite.java.migrate.UpgradeToJava8","367","253","0","0.0","0","23346","0.99","791"
"org.openrewrite.java.migrate.javax.HttpSessionInvalidate","367","253","0","0.0","0","9907875","0.99","1843111"
"com.oracle.weblogic.rewrite.WebLogicXmlWebAppNamespace1511","367","253","0","0.0","0","23317","0.99","782"
"org.openrewrite.maven.ChangeManagedDependencyGroupIdAndArtifactId","3670","253","0","0.0","0","8208774","0.99","415926"
"org.openrewrite.java.migrate.sql.MigrateDriverManagerSetLogStream","367","253","0","0.0","0","386170","0.99","9368"
"org.openrewrite.java.migrate.UpgradeToJava21","367","253","0","0.0","0","21918","0.99","972"
"org.openrewrite.java.migrate.javax.MigrateAbstractTypeVisitor6To9","367","253","0","0.0","0","59438","0.99","822"
"org.openrewrite.config.DeclarativeRecipe$PreconditionBellwether","11010","253","0","0.0","0","130849007","0.99","10024519"
"com.oracle.weblogic.rewrite.jakarta.RemovedJakartaFaces3ExpressionLanguageClasses","367","253","0","0.0","0","30237","0.99","331"
"org.openrewrite.java.migrate.jakarta.JavaxAuthorizationMigrationToJakartaAuthorization","367","253","0","0.0","0","37633","0.99","641"
"org.openrewrite.java.migrate.JREJdbcInterfaceNewMethods","367","253","0","0.0","0","80821","0.99","1362"
"org.openrewrite.java.dependencies.ChangeDependency","21286","253","0","0.0","0","712631737","0.99","322053832"
"org.openrewrite.java.migrate.javax.MigrateXMLEventFactoryNewInstanceToNewFactory","367","253","0","0.0","0","23083","0.99","912"
"org.openrewrite.java.migrate.RemoveIllegalSemicolons","367","253","0","0.0","0","32366620","0.99","1984407"
"org.openrewrite.java.migrate.jakarta.JavaxTransactionMigrationToJakartaTransaction","367","253","0","0.0","0","36157","0.99","902"
"com.oracle.weblogic.rewrite.WebLogicRaXmlNamespace1412","367","253","0","0.0","0","22430","0.99","861"
"org.openrewrite.java.migrate.lombok.LombokValToFinalVar","367","253","0","0.0","0","11791483","0.99","1375134"
"com.oracle.weblogic.rewrite.jakarta.JavaxWebXmlToJakartaWebXml5","367","253","0","0.0","0","29683","0.99","561"
"org.openrewrite.java.migrate.ReplaceComSunAWTUtilitiesMethods","367","253","0","0.0","0","48858680","0.99","9870488"
"com.oracle.weblogic.rewrite.MigrateWebLogicSchemasTo1511","367","253","0","0.0","0","38681","0.99","1061"
"com.oracle.weblogic.rewrite.jakarta.JavaxEjbJarXmlToJakarta9EjbJarXml","367","253","0","0.0","0","21592","0.99","771"
"org.openrewrite.java.migrate.javax.MigrateAbstractAnnotationValueVisitor6To9","367","253","0","0.0","0","23013","0.99","822"
"org.openrewrite.java.migrate.jakarta.JavaxAnnotationMigrationToJakartaAnnotation","367","253","0","0.0","0","43306","0.99","852"
"com.oracle.weblogic.rewrite.WebLogicXmlWebAppNamespace1412","367","253","0","0.0","0","22307","0.99","862"
"org.openrewrite.java.migrate.util.ListFirstAndLast","367","253","0","0.0","0","12643141","0.99","1459373"
"org.openrewrite.java.ReplaceStringLiteralValue","367","253","0","0.0","0","25066525","0.99","1037964"
"com.oracle.weblogic.rewrite.jakarta.Faces2xMigrationToJakartaFaces3x","367","253","0","0.0","0","43658","0.99","12042"
"org.openrewrite.java.migrate.UpdateSdkMan","1101","253","0","0.0","0","18218545","0.99","1704908"
"org.openrewrite.java.migrate.net.MigrateURLEncoderEncode","367","253","0","0.0","0","533241","0.99","18996"
"org.openrewrite.java.migrate.lang.MigrateCharacterIsSpaceToIsWhitespace","367","253","0","0.0","0","37314","0.99","882"
"com.oracle.weblogic.rewrite.jakarta.JavaxJobXmlToJakarta9JobXml","367","253","0","0.0","0","23030","0.99","512"
"com.oracle.weblogic.rewrite.UpgradeWeblogicMavenPropertyVersion","367","253","0","0.0","0","1681525","0.99","224534"
"org.openrewrite.java.migrate.concurrent.MigrateAtomicReferenceWeakCompareAndSetToWeakCompareAndSetPlain","367","253","0","0.0","0","67624","0.99","1102"
"org.openrewrite.java.migrate.concurrent.MigrateAtomicIntegerWeakCompareAndSetToWeakCompareAndSetPlain","367","253","0","0.0","0","53023","0.99","841"
"org.openrewrite.java.migrate.logging.MigrateInterfaceLoggingMXBeanToPlatformLoggingMXBean","367","253","0","0.0","0","41970","0.99","973"
"org.openrewrite.java.migrate.jakarta.JavaxOrmXmlToJakartaOrmXml","367","253","0","0.0","0","38020","0.99","722"
"org.openrewrite.java.migrate.javax.MigrateCounterMonitorSetThresholdToSetInitThreshold","367","253","0","0.0","0","24694","0.99","681"
"org.openrewrite.java.migrate.jakarta.JavaxJmsToJakartaJms","367","253","0","0.0","0","42425","0.99","592"
"com.oracle.weblogic.rewrite.WebLogicEjbJar32XmlNamespace1511","367","253","0","0.0","0","23729","0.99","631"
"org.openrewrite.java.migrate.logging.MigrateGetLoggingMXBeanToGetPlatformMXBean","367","253","0","0.0","0","1024608","0.99","43001"
"com.oracle.weblogic.rewrite.jakarta.UpdateJakartaPlatform9_1","367","253","0","0.0","0","43291","0.99","761"
"com.oracle.weblogic.rewrite.jakarta.JavaxFacesConfigXmlToJakartaFaces3ConfigXml","367","253","0","0.0","0","31290","0.99","611"
"org.openrewrite.java.migrate.InternalBindPackages","367","253","0","0.0","0","69114","0.99","9437"
"org.openrewrite.java.ChangeMethodInvocationReturnType","367","253","0","0.0","0","36107383","0.99","4947376"
"org.openrewrite.java.migrate.lang.StringFormatted","367","253","0","0.0","0","3139792","0.99","439151"
"org.openrewrite.java.migrate.javax.MigrateSimpleAnnotationValueVisitor6To9","367","253","0","0.0","0","52020","0.99","822"
"org.openrewrite.java.migrate.jakarta.JavaxWsToJakartaWs","367","253","0","0.0","0","44017","0.99","511"
"org.openrewrite.java.migrate.jakarta.JavaxXmlBindMigrationToJakartaXmlBind","367","253","0","0.0","0","37729","0.99","550"
"org.openrewrite.maven.AddAnnotationProcessor","367","253","0","0.0","0","36272","0.99","742"
"org.openrewrite.java.migrate.jakarta.JavaxMailToJakartaMail","367","253","0","0.0","0","36704","0.99","521"
"org.openrewrite.java.migrate.BeansXmlNamespace","367","253","0","0.0","0","2684117","0.99","1120843"
"org.openrewrite.staticanalysis.AddSerialAnnotationToSerialVersionUID","367","253","0","0.0","0","1107833476","0.99","257123409"
"org.openrewrite.java.migrate.RemovedRMIConnectorServerCredentialTypesConstant","367","253","0","0.0","0","37349","0.99","632"
"org.openrewrite.java.migrate.jakarta.JavaxEnterpriseToJakartaEnterprise","367","253","0","0.0","0","38976","0.99","641"
"com.oracle.weblogic.rewrite.WebLogicPlanXmlNamespace1511","367","253","0","0.0","0","21744","0.99","791"
"org.openrewrite.java.migrate.jakarta.JavaxEjbToJakartaEjb","367","253","0","0.0","0","34817","0.99","531"
"org.openrewrite.java.migrate.concurrent.JavaConcurrentAPIs","367","253","0","0.0","0","58832","0.99","1242"
"com.oracle.weblogic.rewrite.WebLogicEjbJar32XmlNamespace1412","367","253","0","0.0","0","22428","0.99","771"
"org.openrewrite.java.migrate.javax.AddJaxbRuntime","367","253","5318448","0.99","351826","109001034","0.99","43765432"
"org.openrewrite.maven.ChangeDependencyClassifier","1468","253","0","0.0","0","17770270","0.99","1879979"
"com.oracle.weblogic.rewrite.UpgradeTo1511","367","253","0","0.0","0","25775","0.99","1493"
"org.openrewrite.java.migrate.lang.ThreadStopUnsupported","367","253","0","0.0","0","26241518","0.99","1218807"
"org.openrewrite.java.migrate.jakarta.RemoveJakartaAnnotationDependency","367","253","0","0.0","0","39540","0.99","1022"
"com.oracle.weblogic.rewrite.UpdateBuildToWebLogic1511","367","253","0","0.0","0","23016","0.99","932"
"org.openrewrite.gradle.UpdateJavaCompatibility","1101","253","0","0.0","0","510318","0.99","10299"
"org.openrewrite.java.migrate.javaee7.OpenJPAPersistenceProvider","367","253","0","0.0","0","84704","0.99","20298"
"org.openrewrite.java.migrate.jakarta.JohnzonJavaxToJakarta","367","253","0","0.0","0","39086","0.99","652"
"org.openrewrite.java.migrate.RemovedFileIOFinalizeMethods","367","253","0","0.0","0","32669","0.99","711"
"org.openrewrite.java.migrate.javaee8.ApacheDefaultProvider","367","253","0","0.0","0","42570","0.99","421"
"com.oracle.weblogic.rewrite.WebLogicRaXmlNamespace1511","367","253","0","0.0","0","21937","0.99","862"
"com.oracle.weblogic.rewrite.WebLogicPlanXmlNamespace1412","367","253","0","0.0","0","22126","0.99","781"
"com.oracle.weblogic.rewrite.WebLogicJdbcXmlNamespace1511","367","253","0","0.0","0","21845","0.99","821"
"org.openrewrite.java.migrate.lang.MigrateSecurityManagerMulticast","367","253","0","0.0","0","390181","0.99","46458"
"org.openrewrite.gradle.UpdateGradleWrapper","734","253","28062995","0.99","7821278","2635450","0.99","249092"
"org.openrewrite.yaml.CommentOutProperty","22754","253","0","0.0","0","1763007","0.99","157899"
"com.oracle.weblogic.rewrite.jakarta.JavaxBatchXmlToJakarta9BatchXml","367","253","0","0.0","0","22598","0.99","450"
"org.openrewrite.java.migrate.net.URLConstructorsToURIRecipes","367","253","0","0.0","0","67796","0.99","622"
"org.openrewrite.java.migrate.javax.AddJaxwsRuntime$AddJaxwsRuntimeMaven","367","253","0","0.0","0","237469879","0.99","199985828"
"com.oracle.weblogic.rewrite.jakarta.FacesManagedBeansRemoved3","367","253","0","0.0","0","73606","0.99","622"
"org.openrewrite.java.migrate.javax.AddJaxwsRuntime$AddJaxwsRuntimeGradle","367","253","0","0.0","0","93757","0.99","1643"
"org.openrewrite.java.migrate.javax.MigrateTypeKindVisitor6To9","367","253","0","0.0","0","52186","0.99","681"
"org.openrewrite.java.migrate.jakarta.JavaxValidationMigrationToJakartaValidation","367","253","0","0.0","0","38453","0.99","572"
"org.openrewrite.java.migrate.logging.MigrateLoggerLogrbToUseResourceBundle","367","253","0","0.0","0","484105","0.99","26079"
"org.openrewrite.java.migrate.jakarta.JavaxInjectMigrationToJakartaInject","367","253","0","0.0","0","48691","0.99","11191"
"com.oracle.weblogic.rewrite.WebLogicJmsXmlNamespace1511","367","253","0","0.0","0","21679","0.99","771"
"org.openrewrite.java.migrate.jakarta.JavaxBatchMigrationToJakartaBatch","367","253","0","0.0","0","36892","0.99","540"
"com.oracle.weblogic.rewrite.jakarta.RemovedJakartaFaces3ResourceResolver","367","253","0","0.0","0","55739","0.99","471"
"com.oracle.weblogic.rewrite.jakarta.JavaxApplicationXmlToJakarta9ApplicationXml","367","253","0","0.0","0","21602","0.99","321"
"org.openrewrite.maven.RemoveRedundantDependencyVersions","1835","253","0","0.0","0","26978619","0.99","3490620"
"org.openrewrite.java.migrate.UpgradeBuildToJava17","367","253","0","0.0","0","69766","0.99","982"
"org.openrewrite.java.ReplaceConstantWithAnotherConstant","1101","253","0","0.0","0","12160135","0.99","1666384"
"org.openrewrite.java.migrate.jakarta.JavaxFacesToJakartaFaces","367","253","0","0.0","0","39631","0.99","481"
"org.openrewrite.java.migrate.UpgradeBuildToJava11","367","253","0","0.0","0","34086","0.99","1072"
"org.openrewrite.java.migrate.util.SequencedCollection","367","253","0","0.0","0","72007","0.99","2444"
"org.openrewrite.java.migrate.UpgradePluginsForJava21","367","253","0","0.0","0","52921","0.99","440"
"org.openrewrite.java.migrate.CastArraysAsListToList","367","253","0","0.0","0","666905","0.99","49253"
"org.openrewrite.java.migrate.javax.AddJaxbDependencies","367","253","0","0.0","0","70929","0.99","1022"
"org.openrewrite.java.migrate.JREWrapperInterface","367","253","0","0.0","0","22875","0.99","952"
"org.openrewrite.java.migrate.net.MigrateMulticastSocketSetTTLToSetTimeToLive","367","253","0","0.0","0","656336","0.99","51508"
"org.openrewrite.java.migrate.UpgradeBuildToJava21","367","253","0","0.0","0","26335","0.99","831"
"org.openrewrite.maven.UpgradePluginVersion","4771","253","0","0.0","0","216669632","0.99","185939405"
"org.openrewrite.java.migrate.UpgradePluginsForJava17","367","253","0","0.0","0","36034","0.99","490"
"com.oracle.weblogic.rewrite.WebLogicWebservicesPolicyRefXmlNamespace1412","367","253","0","0.0","0","22392","0.99","842"
"com.oracle.weblogic.rewrite.WebLogicJmsXmlNamespace1412","367","253","0","0.0","0","22300","0.99","822"
"org.openrewrite.java.migrate.UpgradePluginsForJava11","367","253","0","0.0","0","3770463","0.99","3691288"
"org.openrewrite.java.migrate.util.OptionalStreamRecipe","367","253","0","0.0","0","351575","0.99","9108"
"org.openrewrite.java.migrate.lang.MigrateRuntimeVersionSecurityToUpdate","367","253","0","0.0","0","30963","0.99","852"
"org.openrewrite.java.migrate.Java8toJava11","367","253","0","0.0","0","22535","0.99","991"
"org.openrewrite.java.migrate.net.MigrateHttpURLConnectionHttpServerErrorToHttpInternalError","367","253","0","0.0","0","3465737","0.99","119506"
"org.openrewrite.java.migrate.ReplaceAWTGetPeerMethod","367","253","0","0.0","0","765260","0.99","54233"
"com.oracle.weblogic.rewrite.jakarta.FacesJNDINamesChanged3","367","253","0","0.0","0","35250","0.99","572"
"com.oracle.weblogic.rewrite.jakarta.UpgradeCommonOpenSourceLibraries","367","253","0","0.0","0","33322","0.99","501"
"org.openrewrite.java.migrate.jakarta.JavaxResourceToJakartaResource","367","253","0","0.0","0","22781","0.99","380"
"org.openrewrite.java.migrate.lang.ExplicitRecordImport","367","253","0","0.0","0","132331098","0.99","27350543"
"org.openrewrite.scala.migrate.UpgradeScala_2_12","367","253","0","0.0","0","49355","0.99","911"
"com.oracle.weblogic.rewrite.WebLogicWebservicesPolicyRefXmlNamespace1511","367","253","0","0.0","0","22047","0.99","872"
"org.openrewrite.java.migrate.jakarta.JavaxPersistenceXmlToJakartaPersistenceXml","367","253","0","0.0","0","40996","0.99","541"
"org.openrewrite.java.migrate.jakarta.RemovedUIComponentConstant","367","253","0","0.0","0","31608","0.99","461"
"org.openrewrite.java.migrate.RemovedModifierAndConstantBootstrapsConstructors","367","253","0","0.0","0","40243","0.99","981"
"org.openrewrite.java.DeleteMethodArgument","1468","253","0","0.0","0","2383870","0.99","50945"
"org.openrewrite.xml.RemoveXmlTag","367","253","0","0.0","0","9424319","0.99","1438032"
"org.openrewrite.java.migrate.javax.JavaxXmlStreamAPIs","367","253","0","0.0","0","48069","0.99","831"
"org.openrewrite.java.migrate.RemovedSecurityManagerMethods","367","253","0","0.0","0","32140224","0.99","4738181"
"org.openrewrite.maven.RemoveManagedDependency","734","253","0","0.0","0","4076912","0.99","2229882"
"org.openrewrite.java.migrate.RemovedToolProviderConstructor","367","253","0","0.0","0","119839","0.99","38723"
"org.openrewrite.java.migrate.MXBeanRule","367","253","0","0.0","0","43799693","0.99","5180969"
"org.openrewrite.java.migrate.concurrent.MigrateAtomicLongArrayWeakCompareAndSetToWeakCompareAndSetPlain","367","253","0","0.0","0","50171","0.99","1101"
"com.oracle.weblogic.rewrite.WebLogicWebServicesXmlNamespace1412","367","253","0","0.0","0","21965","0.99","741"
"com.oracle.weblogic.rewrite.WebLogicPersistenceConfigurationXmlNamespace1511","367","253","0","0.0","0","21903","0.99","812"
"org.openrewrite.java.migrate.RemovedRuntimeTraceMethods","367","253","0","0.0","0","78895","0.99","2765"
"org.openrewrite.java.migrate.concurrent.MigrateAtomicReferenceArrayWeakCompareAndSetToWeakCompareAndSetPlain","367","253","0","0.0","0","53376","0.99","962"
"org.openrewrite.java.migrate.lang.MigrateRuntimeVersionMinorToInterim","367","253","0","0.0","0","32491","0.99","1073"
"org.openrewrite.java.migrate.jakarta.EhcacheJavaxToJakarta","367","253","0","0.0","0","83121","0.99","14878"
"org.openrewrite.staticanalysis.ReplaceDeprecatedRuntimeExecMethods","367","253","0","0.0","0","33369316","0.99","3885967"
"org.openrewrite.java.RemoveMethodInvocations","4037","253","0","0.0","0","11340773","0.99","566403"
"org.openrewrite.java.migrate.DeprecatedLogRecordThreadID","367","253","0","0.0","0","41934","0.99","1011"
"com.oracle.weblogic.rewrite.jakarta.JavaxBeansXmlToJakarta9BeansXml","367","253","0","0.0","0","33169","0.99","11392"
"com.oracle.weblogic.rewrite.WebLogicWseeStandaloneClientXmlNamespace1412","367","253","0","0.0","0","22490","0.99","902"
"org.openrewrite.java.migrate.jakarta.JavaxJsonToJakartaJson","367","253","0","0.0","0","81401","0.99","40546"
"com.oracle.weblogic.rewrite.jakarta.JavaxToJakartaCdiExtensions","367","253","0","0.0","0","90653","0.99","611"
"org.openrewrite.maven.UpgradeParentVersion","367","253","0","0.0","0","522151","0.99","122603"
"org.openrewrite.java.migrate.net.JavaNetAPIs","367","253","0","0.0","0","67548","0.99","1082"
"com.oracle.weblogic.rewrite.jakarta.JakartaEeNamespaces9_1","367","253","0","0.0","0","88126","0.99","41518"
"com.oracle.weblogic.rewrite.jakarta.RemovedStateManagerMethods3","367","253","0","0.0","0","38275","0.99","451"
"org.openrewrite.java.ChangeMethodAccessLevel","1468","253","0","0.0","0","12287668","0.99","4039889"
"org.openrewrite.java.migrate.javax.AddJaxwsRuntime","367","253","0","0.0","0","49547","0.99","1313"
"org.openrewrite.github.SetupJavaUpgradeJavaVersion","1101","253","0","0.0","0","567567","0.99","46227"
"org.openrewrite.java.migrate.AddLombokMapstructBinding","367","253","0","0.0","0","44315","0.99","741"
"org.openrewrite.java.migrate.jakarta.JavaxWebsocketToJakartaWebsocket","367","253","0","0.0","0","56625","0.99","2134"
"org.openrewrite.java.migrate.RemovedLegacySunJSSEProviderName","367","253","0","0.0","0","59504","0.99","1002"
"org.openrewrite.java.migrate.util.OptionalNotEmptyToIsPresent","367","253","0","0.0","0","2204881","0.99","160995"
"com.oracle.weblogic.rewrite.jakarta.MigrateJavaxMVCToJakartaEE9","367","253","0","0.0","0","39350","0.99","701"
"com.oracle.weblogic.rewrite.jakarta.MitigateUnaffectedNonEEJakarta9Packages","367","253","0","0.0","0","30026","0.99","551"
"org.openrewrite.java.migrate.DeprecatedCountStackFramesMethod","367","253","0","0.0","0","93258","0.99","17633"
"com.oracle.weblogic.rewrite.WebLogicPubSubXmlNamespace1511","367","253","0","0.0","0","21871","0.99","682"
"com.oracle.weblogic.rewrite.WebLogicResourceDeploymentPlanXmlNamespace1511","367","253","0","0.0","0","21918","0.99","701"
"org.openrewrite.java.migrate.JREThrowableFinalMethods","367","253","0","0.0","0","1996673","0.99","62789"
"com.oracle.weblogic.rewrite.WebLogicWseeStandaloneClientXmlNamespace1511","367","253","0","0.0","0","21949","0.99","811"
"org.openrewrite.java.migrate.jakarta.UpdateApacheWSSecurityPackages","367","253","0","0.0","0","52865","0.99","642"
"org.openrewrite.java.migrate.ReplaceLocalizedStreamMethods","367","253","0","0.0","0","28284070","0.99","1395031"
"com.oracle.weblogic.rewrite.jakarta.JavaxRaXmlToJakarta9RaXml","367","253","0","0.0","0","22179","0.99","340"
"org.openrewrite.java.migrate.javaee8.ServletIsRequestedSessionIdFromURL","367","253","0","0.0","0","37940","0.99","370"
"com.oracle.weblogic.rewrite.jakarta.JavaxApplicationClientXmlToJakarta9ApplicationClientXml","367","253","0","0.0","0","21940","0.99","370"
"org.openrewrite.staticanalysis.BigDecimalRoundingConstantsToEnums","367","253","0","0.0","0","14411688","0.99","7131482"
"com.oracle.weblogic.rewrite.jakarta.JakartaFaces3Xhtml","367","253","0","0.0","0","32484","0.99","471"
"org.openrewrite.java.migrate.javax.MigrateElementKindVisitor6To9","367","253","0","0.0","0","53414","0.99","852"
"org.openrewrite.gradle.AddDependency","367","253","3696877","0.99","303153","1652405","0.99","50726"
"org.openrewrite.java.migrate.UpgradeJavaVersion","1101","253","0","0.0","0","177579985","0.99","7849442"
"com.oracle.weblogic.rewrite.jakarta.JavaxWebFragmentXmlToJakartaWebFragmentXml5","367","253","0","0.0","0","30359","0.99","500"
"org.openrewrite.java.migrate.lang.MigrateClassNewInstanceToGetDeclaredConstructorNewInstance","367","253","0","0.0","0","1842225","0.99","59282"
"org.openrewrite.java.migrate.jakarta.JavaxWebServicesXmlToJakarta9WebServicesXml","367","253","0","0.0","0","22353","0.99","190"
"org.openrewrite.java.migrate.util.ReplaceMathRandomWithThreadLocalRandomRecipe","367","253","0","0.0","0","2941238","0.99","361706"
"org.openrewrite.java.dependencies.RemoveDependency","1101","253","8018852","0.99","5314872","21190065","0.99","3007374"
"org.openrewrite.java.migrate.jakarta.JavaxXmlSoapToJakartaXmlSoap","367","253","0","0.0","0","46930","0.99","601"
"org.openrewrite.java.ChangePackage","14680","253","0","0.0","0","429594913","0.99","9116290"
"com.oracle.weblogic.rewrite.WebLogicPubSubXmlNamespace1412","367","253","0","0.0","0","22407","0.99","721"
"com.oracle.weblogic.rewrite.jakarta.JavaxAnnotationMigrationToJakarta9Annotation","367","253","0","0.0","0","29373","0.99","652"
"org.openrewrite.java.migrate.net.URLConstructorsToURIRecipes$URLSingleArgumentConstructorRecipe","367","253","0","0.0","0","507433703","0.99","447215865"
"org.openrewrite.staticanalysis.PrimitiveWrapperClassConstructorToValueOf","367","253","0","0.0","0","27327067","0.99","972351"
"org.openrewrite.staticanalysis.InstanceOfPatternMatch","367","253","0","0.0","0","80765477","0.99","22397676"
"org.openrewrite.java.migrate.SunNetSslPackageUnavailable","367","253","0","0.0","0","31772","0.99","271"
"com.oracle.weblogic.rewrite.jakarta.JavaxWebHandlerXmlToJakarta9HandlerXml","367","253","0","0.0","0","27577","0.99","331"
"org.openrewrite.java.migrate.cobertura.RemoveCoberturaMavenPlugin","367","253","0","0.0","0","47002","0.99","902"
"org.openrewrite.java.migrate.RemovedZipFinalizeMethods","367","253","0","0.0","0","48237","0.99","10780"
"org.openrewrite.java.migrate.RemovedPolicy","367","253","0","0.0","0","40085","0.99","831"
"org.openrewrite.java.migrate.javax.MigrateXMLInputFactoryNewInstanceToNewFactory","367","253","0","0.0","0","48114","0.99","882"
"org.openrewrite.java.migrate.lang.MigrateRuntimeVersionMajorToFeature","367","253","0","0.0","0","49891","0.99","11322"
"org.openrewrite.java.migrate.jakarta.JavaxServletToJakartaServlet","367","253","0","0.0","0","35987","0.99","662"
"org.openrewrite.java.migrate.jakarta.ApplicationPathWildcardNoLongerAccepted","367","253","0","0.0","0","57897448","0.99","9488815"
"org.openrewrite.java.migrate.jakarta.JavaxActivationMigrationToJakartaActivation","367","253","0","0.0","0","26902","0.99","391"
"org.openrewrite.java.migrate.jakarta.JavaxSecurityToJakartaSecurity","367","253","0","0.0","0","38259","0.99","460"
"org.openrewrite.java.migrate.net.URLConstructorsToURIRecipes$URLFourArgumentConstructorRecipe","367","253","0","0.0","0","6932373","0.99","327340"
"org.openrewrite.java.migrate.ArrayStoreExceptionToTypeNotPresentException","367","253","0","0.0","0","729405","0.99","16421"
"org.openrewrite.java.migrate.jacoco.UpgradeJaCoCo","367","253","0","0.0","0","22264","0.99","792"
"org.openrewrite.java.migrate.UseJavaUtilBase64","367","253","0","0.0","0","7366659","0.99","224825"
"org.openrewrite.java.migrate.jakarta.JavaxJwsToJakartaJws","367","253","0","0.0","0","51582","0.99","14217"
"org.openrewrite.java.migrate.concurrent.MigrateAtomicBooleanWeakCompareAndSetToWeakCompareAndSetPlain","367","253","0","0.0","0","23772","0.99","932"
"org.openrewrite.java.migrate.jakarta.JavaxDecoratorToJakartaDecorator","367","253","0","0.0","0","40558","0.99","621"
"org.openrewrite.java.migrate.javax.MigrateAbstractElementVisitor6To9","367","253","0","0.0","0","58633","0.99","813"
"org.openrewrite.java.migrate.jakarta.JavaxElToJakartaEl","367","253","0","0.0","0","38543","0.99","501"
"com.oracle.weblogic.rewrite.WebLogicRdbmsJarXmlNamespace1412","367","253","0","0.0","0","22467","0.99","752"
"com.oracle.weblogic.rewrite.jakarta.MigrateTagLibsToJakartaEE9","367","253","0","0.0","0","74454","0.99","851"
"org.openrewrite.java.dependencies.UpgradeDependencyVersion","19451","253","1048733034","0.99","300796475","44195652704","0.99","42949173499"
"org.openrewrite.java.migrate.jakarta.JakartaFacesEcmaScript","367","253","0","0.0","0","22715","0.99","361"
"com.oracle.weblogic.rewrite.WebLogicJdbcXmlNamespace1412","367","253","0","0.0","0","23375","0.99","912"
"org.openrewrite.maven.UpdateMavenProjectPropertyJavaVersion","1101","253","0","0.0","0","9859077","0.99","1650254"
"org.openrewrite.java.migrate.javax.MigrateSimpleElementVisitor6To9","367","253","0","0.0","0","51798","0.99","821"
"org.openrewrite.java.dependencies.AddDependency","2569","253","953075992","0.99","112032715","537040134","0.99","50214542"
"org.openrewrite.java.migrate.logging.JavaLoggingAPIs","367","253","0","0.0","0","60681","0.99","1122"
"org.openrewrite.java.migrate.javax.AddInjectDependencies","367","253","0","0.0","0","35780","0.99","1192"
"org.openrewrite.java.migrate.logging.MigrateLoggerGlobalToGetGlobal","367","253","0","0.0","0","15380434","0.99","3434913"
"org.openrewrite.java.migrate.net.URLConstructorsToURIRecipes$URLThreeArgumentConstructorRecipe","367","253","0","0.0","0","7712688","0.99","417041"
"org.openrewrite.java.migrate.concurrent.MigrateAtomicIntegerArrayWeakCompareAndSetToWeakCompareAndSetPlain","367","253","0","0.0","0","48781","0.99","931"
"org.openrewrite.java.migrate.DeprecatedJavaxSecurityCert","367","253","0","0.0","0","58318","0.99","992"
"org.openrewrite.java.migrate.javax.JavaxLangModelUtil","367","253","0","0.0","0","30039","0.99","972"
"org.openrewrite.java.migrate.jakarta.JacksonJavaxToJakarta","367","253","0","0.0","0","38961","0.99","641"
"com.oracle.weblogic.rewrite.WebLogicRdbmsJarXmlNamespace1511","367","253","0","0.0","0","22193","0.99","871"
"org.openrewrite.java.ReorderMethodArguments","734","253","0","0.0","0","15297601","0.99","1218688"
"com.oracle.weblogic.rewrite.jakarta.RemovalsServletJakarta9","367","253","0","0.0","0","21448","0.99","350"
"org.openrewrite.jenkins.UpgradeJavaVersion","1101","253","4150411","0.99","674647","8364020","0.99","572904"
"org.openrewrite.maven.AddDependency","367","253","2785100","0.99","227711","1147676","0.99","40988"
"org.openrewrite.java.migrate.jakarta.JavaxBeanValidationXmlToJakartaBeanValidationXml","367","253","0","0.0","0","21464","0.99","350"
"com.oracle.weblogic.rewrite.JakartaEE9_1","367","253","0","0.0","0","44414","0.99","581"
"com.oracle.weblogic.rewrite.jakarta.JavaxFacesTagLibraryXmlToJakartaFaces3TagLibraryXml","367","253","0","0.0","0","32551","0.99","571"
"org.openrewrite.java.migrate.lang.MigrateClassLoaderDefineClass","367","253","0","0.0","0","42106013","0.99","6541184"
"org.openrewrite.java.migrate.javax.JavaxManagementMonitorAPIs","367","253","0","0.0","0","93248","0.99","38503"
"org.openrewrite.java.migrate.lang.JavaLangAPIs","367","253","0","0.0","0","67018","0.99","1212"
"org.openrewrite.java.migrate.IllegalArgumentExceptionToAlreadyConnectedException","367","253","0","0.0","0","2204156","0.99","1760413"
"org.openrewrite.java.migrate.DeleteDeprecatedFinalize","367","253","0","0.0","0","43574","0.99","461"
"org.openrewrite.xml.ChangeTagValue","2569","253","0","0.0","0","34772227","0.99","7594248"
"org.openrewrite.java.migrate.jakarta.JavaxXmlWsMigrationToJakartaXmlWs","367","253","0","0.0","0","52479","0.99","13956"
"org.openrewrite.java.migrate.Jre17AgentMainPreMainPublic","367","253","0","0.0","0","55139","0.99","7845"
"org.openrewrite.java.migrate.jakarta.JavaxEEApiToJakarta","367","253","0","0.0","0","42158","0.99","561"
"org.openrewrite.java.migrate.nio.file.PathsGetToPathOf","367","253","0","0.0","0","41011","0.99","901"
"org.openrewrite.java.migrate.RemovedSSLSessionGetPeerCertificateChainMethodImpl","367","253","0","0.0","0","39624","0.99","541"
"org.openrewrite.java.migrate.jakarta.JavaxAuthenticationMigrationToJakartaAuthentication","367","253","0","0.0","0","38111","0.99","511"
"org.openrewrite.java.ChangeMethodName","17616","253","0","0.0","0","520531960","0.99","10422553"
"org.openrewrite.java.migrate.lombok.UpdateLombokToJava11","367","253","0","0.0","0","63453","0.99","1093"
"com.oracle.weblogic.rewrite.WebLogicApplicationXmlNamespace1412","367","253","0","0.0","0","22169","0.99","872"
"org.openrewrite.java.migrate.javax.AddCommonAnnotationsDependencies","367","253","0","0.0","0","33387","0.99","1113"
"org.openrewrite.java.migrate.net.MigrateURLDecoderDecode","367","253","0","0.0","0","1508712","0.99","46708"
"org.openrewrite.java.migrate.util.OptionalNotPresentToIsEmpty","367","253","0","0.0","0","29266625","0.99","589687"
"com.oracle.weblogic.rewrite.jakarta.OrgGlassfishJavaxElToJakartaEl","367","253","0","0.0","0","68841","0.99","621"
"org.openrewrite.java.migrate.ReferenceCloneMethod","367","253","0","0.0","0","2436074","0.99","621438"
"org.openrewrite.java.migrate.sql.JavaSqlAPIs","367","253","0","0.0","0","60560","0.99","983"
"org.openrewrite.java.migrate.RemovedSubjectMethods","367","253","0","0.0","0","41746","0.99","691"
"org.openrewrite.java.migrate.AddMissingMethodImplementation","4037","253","0","0.0","0","125299114","0.99","21376783"
"org.openrewrite.java.migrate.util.IteratorNext","367","253","0","0.0","0","6299479","0.99","1891361"
"org.openrewrite.maven.UseMavenCompilerPluginReleaseConfiguration","1101","253","0","0.0","0","120107410","0.99","27950950"
"com.oracle.weblogic.rewrite.jakarta.JakartaFaces3WebXml","367","253","0","0.0","0","30201","0.99","310"
"com.oracle.weblogic.rewrite.WebLogicWseeClientHandlerChainXmlNamespace1412","367","253","0","0.0","0","22754","0.99","741"
"org.openrewrite.java.migrate.util.StreamFindFirst","367","253","0","0.0","0","2464090","0.99","358820"
"org.openrewrite.java.migrate.jakarta.JavaxInterceptorToJakartaInterceptor","367","253","0","0.0","0","57814","0.99","13104"
"com.oracle.weblogic.rewrite.jakarta.MigrateJavaxWebToJakartaWeb9","367","253","0","0.0","0","42360","0.99","481"
"org.openrewrite.java.migrate.javaee6","367","253","0","0.0","0","22268","0.99","511"
"org.openrewrite.java.migrate.ThreadStopDestroy","367","253","0","0.0","0","44294","0.99","1262"
"org.openrewrite.java.migrate.concurrent.MigrateAtomicLongWeakCompareAndSetToWeakCompareAndSetPlain","367","253","0","0.0","0","68114","0.99","932"
"com.oracle.weblogic.rewrite.CheckAndCommentOutDeprecations1511","367","253","0","0.0","0","44274","0.99","3887"
"org.openrewrite.java.migrate.javaee8","367","253","0","0.0","0","36000","0.99","501"
"org.openrewrite.java.migrate.javaee7","367","253","0","0.0","0","32081","0.99","580"
"com.oracle.weblogic.rewrite.WebLogicApplicationXmlNamespace1511","367","253","0","0.0","0","22387","0.99","741"
"com.oracle.weblogic.rewrite.jakarta.UpgradeFacesOpenSourceLibraries3","367","253","0","0.0","0","53731","0.99","551"
"org.openrewrite.java.migrate.jakarta.JavaxPersistenceToJakartaPersistence","367","253","0","0.0","0","24055","0.99","661"
"org.openrewrite.maven.ChangePropertyValue","367","253","0","0.0","0","4677756","0.99","3162858"
"org.openrewrite.java.migrate.javax.MigrateXMLOutputFactoryNewInstanceToNewFactory","367","253","0","0.0","0","47382","0.99","822"
"org.openrewrite.java.migrate.JpaCacheProperties","367","253","0","0.0","0","14473450","0.99","9840182"
"org.openrewrite.java.migrate.javax.MigrateSimpleTypeVisitor6To9","367","253","0","0.0","0","96358","0.99","44514"
"org.openrewrite.text.FindAndReplace","7707","253","0","0.0","0","94676776","0.99","11311126"
"org.openrewrite.java.ChangeMethodTargetToStatic","1468","253","0","0.0","0","2368551","0.99","190190"
"com.oracle.weblogic.rewrite.WebLogicApplicationClientXmlNamespace1511","367","253","0","0.0","0","22235","0.99","862"
"org.openrewrite.java.migrate.javax.MigrateElementScanner6To9","367","253","0","0.0","0","51788","0.99","741"
"org.openrewrite.java.ChangeType","22020","253","0","0.0","0","1786362281","0.99","13949061"
"org.openrewrite.RenameFile","734","253","0","0.0","0","801369833","0.99","86706895"
"org.openrewrite.maven.RemovePlugin","367","253","0","0.0","0","3379966","0.99","1453432"
"org.openrewrite.java.migrate.lang.MigrateCharacterIsJavaLetterToIsJavaIdentifierStart","367","253","0","0.0","0","24351","0.99","1151"
"com.oracle.weblogic.rewrite.WebLogicWseeClientHandlerChainXmlNamespace1511","367","253","0","0.0","0","22038","0.99","772"
"org.openrewrite.java.migrate.javax.AddJaxwsDependencies","367","253","0","0.0","0","60687","0.99","1142"
"org.openrewrite.xml.ChangeTagAttribute","38535","253","0","0.0","0","161515160","0.99","7267751"
"org.openrewrite.java.migrate.lang.UseTextBlocks","367","253","0","0.0","0","40914453","0.99","5871175"
"com.oracle.weblogic.rewrite.CheckAndCommentOutDeprecations1412","367","253","0","0.0","0","23304","0.99","912"
"org.openrewrite.java.migrate.lang.MigrateCharacterIsJavaLetterOrDigitToIsJavaIdentifierPart","367","253","0","0.0","0","41333","0.99","1053"
"com.oracle.weblogic.rewrite.WebLogicResourceDeploymentPlanXmlNamespace1412","367","253","0","0.0","0","21996","0.99","752"
"com.oracle.weblogic.rewrite.WebLogicApplicationClientXmlNamespace1412","367","253","0","0.0","0","22177","0.99","691"
"org.openrewrite.java.migrate.logging.MigrateLogRecordSetMillisToSetInstant","367","253","0","0.0","0","799292","0.99","72037"
"org.openrewrite.java.migrate.jakarta.UpdateGetRealPath","367","253","0","0.0","0","25105187","0.99","1031583"
"org.openrewrite.java.migrate.util.UseLocaleOf","367","253","0","0.0","0","2137012","0.99","387784"
"org.openrewrite.java.migrate.jakarta.RestAssuredJavaxToJakarta","367","253","0","0.0","0","29479","0.99","421"
